<?xml version="1.0"?>
<theme-info xmlns="http://www.simplemachines.org/xml/theme-info" xmlns:smf="http://www.simplemachines.org/">
	<!-- Theme name, used purely for aesthetics. -->
	<name>Ubuforum</name>
	<!-- Author: your email address or contact information.  The name attribute is optional. -->
	<author name="irtigor">me@me</author>
	<author name="Blau_Araujo">me@me</author>
	<!-- Website... where to get updates and more information. -->
	<website>ubuntu.com</website>
	<!-- Template layers to use, defaults to "main". -->
	<layers>main</layers>
	<!-- Templates to load on startup.  Default is "index". -->
	<templates>index</templates>
	<!-- Base this theme off another?  Default is blank, or no.  It could be "default". -->
	<based-on></based-on>
    
    <version>0.1</version>
    <id>Ubuforum</id>
</theme-info>
